feature,coefficient
biomarker_2,0.9917464818950673
biomarker_3,0.6402697397165564
biomarker_7,-0.44300974140794197
biomarker_6,-0.3771654144600379
biomarker_5,0.3016441755790351
biomarker_8,0.14926330606767163
biomarker_1,0.0
biomarker_4,0.0
