feature,permutation_importance_mean,permutation_importance_std
biomarker_2,0.15555555555555559,0.04925454553295649
biomarker_3,0.09516789516789519,0.04548212951485605
biomarker_6,0.0207753207753208,0.02010010743349979
biomarker_7,0.01510601510601512,0.01853567091156532
biomarker_8,0.005278005278005297,0.008935170993018618
biomarker_5,0.0011102011102011144,0.006641984371546545
biomarker_1,0.0,0.0
biomarker_4,0.0,0.0
